Model_A,Model_B,chi2_stat,p_value,significant_p<0.05
RF,XGBoost,49.70657276995305,1.7854676967995176e-12,True
RF,SVM,196.54586129753915,1.1847709562131436e-44,True
RF,CNN,689.73148015475,5.113105257069355e-152,True
RF,LSTM,887.2292884499093,5.861947500878363e-195,True
RF,Hybrid_CNN_KNN,553.0690008789921,2.706207415014063e-122,True
XGBoost,SVM,93.24503010337385,4.620482856139102e-22,True
XGBoost,CNN,447.6056415171847,2.3944032581791314e-99,True
XGBoost,LSTM,651.9437267567039,8.440921613479534e-144,True
XGBoost,Hybrid_CNN_KNN,341.9251057827927,2.430078170087454e-76,True
SVM,CNN,119.1721961244862,9.602143779901639e-28,True
SVM,LSTM,246.7878467635403,1.3023743784530025e-55,True
SVM,Hybrid_CNN_KNN,62.34321971373764,2.885230858490736e-15,True
CNN,LSTM,60.78368179500255,6.370379514496866e-15,True
CNN,Hybrid_CNN_KNN,13.02897644361059,0.0003067081369081765,True
LSTM,Hybrid_CNN_KNN,106.74510403916769,5.06271974543424e-25,True
